{"version":1,"lastPerfBoundaries":[0.001,0.002,0.004,0.006,0.008,0.01,0.015,0.02,0.03,0.05,0.07,0.1,0.15,0.25,"+Inf"],"log":[{"ts":1734941914223,"type":"svBoot","duration":4},{"ts":1734941945059,"type":"data","players":0,"fxsMemory":323.49,"nodeMemory":23.739999999997963,"perf":{"svSync":{"count":4319,"sum":0.08900000000000007,"buckets":[4318,1,0,0,0,0,0,0,0,0,0,0,0,0,0]},"svNetwork":{"count":3461,"sum":0.09000000000000007,"buckets":[3460,1,0,0,0,0,0,0,0,0,0,0,0,0,0]},"svMain":{"count":607,"sum":1.23799999999999,"buckets":[599,3,0,0,0,0,0,1,0,0,0,1,1,1,1]}}},{"ts":1734942245113,"type":"data","players":0,"fxsMemory":331.08,"nodeMemory":29.5199999999968,"perf":{"svSync":{"count":37193,"sum":0.6600000000000005,"buckets":[37193,0,0,0,0,0,0,0,0,0,0,0,0,0,0]},"svNetwork":{"count":29807,"sum":0.7600000000000006,"buckets":[29807,0,0,0,0,0,0,0,0,0,0,0,0,0,0]},"svMain":{"count":5931,"sum":2.4389999999997336,"buckets":[5916,9,6,0,0,0,0,0,0,0,0,0,0,0,0]}}}]}